experiment,pred,prob
0,0,0.0
0,0,0.0
0,0,0.0
0,0,0.0
1,1,1.0
0,0,0.0
0,0,0.0
1,1,0.9997920565606155
0,0,0.0
1,1,0.9998752339363693
1,1,1.0
1,1,1.0
1,1,1.0
0,0,0.0
1,1,1.0
1,1,1.0
0,0,0.0
1,1,1.0
0,0,0.0
0,0,0.0
1,1,1.0
1,1,1.0
1,1,1.0
0,0,0.0
1,1,1.0
0,0,0.0
1,1,1.0
1,1,1.0
0,0,0.0
1,1,1.0
1,1,1.0
0,0,0.0
1,1,1.0
0,0,0.0
1,1,1.0
1,1,0.9998752339363693
1,1,1.0
0,0,0.0
0,0,0.0
1,1,1.0
0,0,0.0
1,1,1.0
0,0,0.0
0,0,0.0
0,0,0.0
1,1,1.0
0,0,0.0
1,1,1.0
0,0,0.0
0,0,0.0
1,1,1.0
1,1,1.0
1,1,1.0
1,1,1.0
1,1,1.0
0,0,0.0
1,1,1.0
0,0,0.0
0,0,0.0
1,1,1.0
0,0,0.0
1,1,1.0
0,0,0.0
1,1,1.0
0,0,0.0
0,0,0.0
1,1,0.9998752339363693
0,0,0.0
1,1,1.0
1,1,1.0
0,0,0.0
0,0,0.0
0,0,0.0
1,1,1.0
0,0,0.0
0,0,0.0
0,0,0.0
1,1,1.0
0,0,0.0
0,0,0.0
0,0,0.0
0,0,0.0
0,0,0.0
0,0,0.0
1,1,1.0
1,1,1.0
1,1,1.0
0,0,0.0
0,0,0.0
0,0,0.0
1,1,1.0
0,0,0.0
1,1,1.0
1,1,1.0
0,0,0.0
0,0,0.0
1,1,1.0
1,1,1.0
1,1,1.0
0,0,0.0
1,1,1.0
0,0,0.0
1,1,1.0
0,0,0.0
1,1,1.0
1,1,1.0
0,0,0.0
1,1,1.0
0,0,0.0
0,0,0.0
1,1,1.0
0,0,0.0
1,1,1.0
0,0,0.0
0,0,0.0
0,0,0.0
0,0,0.0
0,0,0.0
1,1,1.0
1,1,1.0
0,0,0.0
1,1,1.0
1,1,1.0
0,0,0.0
0,0,0.0
0,0,0.0
1,1,1.0
1,1,1.0
0,0,0.0
1,1,1.0
0,0,0.0
0,0,0.0
1,1,1.0
0,0,0.0
1,1,1.0
1,1,1.0
0,0,0.0
1,1,1.0
1,1,1.0
1,1,1.0
1,1,1.0
1,1,1.0
0,0,0.0
0,0,0.0
0,0,0.0
0,0,0.0
1,1,1.0
1,1,1.0
1,1,1.0
1,1,1.0
0,0,0.0
1,1,1.0
1,1,1.0
0,0,0.0
0,0,0.0
1,1,1.0
0,0,0.0
1,1,1.0
1,1,1.0
1,1,1.0
1,1,1.0
1,1,1.0
1,1,1.0
1,1,1.0
0,0,0.0
0,0,0.0
0,0,0.0
1,1,1.0
1,1,1.0
1,1,1.0
0,0,0.0
1,1,1.0
1,1,1.0
0,0,0.0
1,1,1.0
1,1,1.0
1,1,1.0
1,1,1.0
1,1,1.0
1,1,1.0
1,1,1.0
0,0,0.0
0,0,0.0
1,1,1.0
1,1,1.0
1,1,1.0
1,1,1.0
0,0,0.0
0,0,0.0
1,1,1.0
0,0,0.0
1,1,1.0
1,1,1.0
1,1,1.0
1,1,1.0
0,0,0.0
0,0,0.0
1,1,1.0
0,0,0.0
1,1,1.0
1,1,1.0
1,1,1.0
0,0,0.0
0,0,0.0
1,1,1.0
1,1,1.0
1,1,1.0
0,0,0.0
0,0,0.0
1,1,1.0
1,1,1.0
0,0,0.0
1,1,1.0
1,1,1.0
1,1,1.0
1,1,1.0
1,1,1.0
1,1,1.0
1,1,1.0
0,0,0.0
1,1,1.0
0,0,0.0
0,0,0.0
1,1,1.0
0,0,0.0
1,1,1.0
1,1,0.9998752339363693
0,0,0.0
1,1,1.0
1,1,1.0
1,1,1.0
1,1,1.0
0,0,0.0
1,1,1.0
1,1,1.0
1,1,1.0
1,1,1.0
1,1,1.0
1,1,1.0
1,1,1.0
1,1,1.0
0,0,0.0
0,0,0.0
0,0,0.0012476606363069245
0,0,0.0
1,1,1.0
1,1,1.0
1,1,1.0
1,1,1.0
0,0,0.0
1,1,1.0
1,1,1.0
0,0,0.0
0,0,0.0
1,1,1.0
1,1,1.0
0,0,0.0
0,0,0.0
0,0,0.0
1,1,1.0
1,1,1.0
0,0,0.0
0,0,0.0
0,0,0.0
1,1,1.0
1,1,1.0
1,1,0.9998752339363693
0,0,0.0
1,1,1.0
1,1,1.0
1,1,1.0
1,1,1.0
0,0,0.0
1,1,1.0
1,1,1.0
1,1,1.0
1,1,1.0
1,1,1.0
0,0,0.0
1,1,1.0
1,1,1.0
1,1,1.0
1,1,1.0
0,0,0.0
0,0,0.0
0,0,0.0
0,0,0.0
0,0,0.0
1,1,1.0
1,1,0.9998752339363693
1,1,1.0
1,1,1.0
1,1,1.0
0,0,0.0
1,1,1.0
0,0,0.0
0,0,0.0
0,0,0.0
1,1,1.0
1,1,1.0
0,0,0.0
1,1,1.0
1,1,1.0
0,0,0.0
1,1,1.0
1,1,1.0
0,0,0.0
1,1,1.0
0,0,0.0
0,0,0.0
1,1,1.0
0,0,0.0
1,1,1.0
0,0,0.0
1,1,1.0
1,1,0.9998752339363693
0,0,0.0
0,0,0.0
0,0,0.0
0,0,0.0
0,0,0.0
1,1,1.0
0,0,0.0
1,1,1.0
0,0,0.0
1,1,1.0
1,1,1.0
1,1,1.0
1,1,1.0
1,1,1.0
1,1,1.0
1,1,1.0
1,1,0.9998752339363693
1,1,1.0
0,0,0.0
1,1,1.0
0,0,0.0
1,1,1.0
1,1,1.0
1,1,1.0
1,1,1.0
0,0,0.0
1,1,1.0
1,1,1.0
1,1,1.0
0,0,0.0
1,1,1.0
1,1,1.0
1,1,1.0
1,1,1.0
1,1,1.0
0,0,0.0
1,1,1.0
1,1,1.0
1,1,1.0
1,1,1.0
1,1,1.0
1,1,1.0
1,1,1.0
1,1,1.0
1,1,1.0
1,1,1.0
1,1,1.0
1,1,1.0
1,1,1.0
1,1,1.0
1,1,1.0
0,0,0.0
0,0,0.0
1,1,1.0
0,0,0.0
0,0,0.0
1,1,1.0
0,0,0.0
1,1,0.9998752339363693
1,1,1.0
1,1,1.0
0,0,0.0
1,1,0.9998752339363693
0,0,0.0
0,0,0.0
0,0,0.0
0,0,0.0
0,0,0.0
0,0,0.0
1,1,1.0
0,0,0.0
1,1,1.0
0,0,0.0
1,1,1.0
0,0,0.0
0,0,0.0
1,1,1.0
1,1,1.0
1,1,1.0
1,1,1.0
0,0,0.0
1,1,1.0
0,0,0.0
1,1,1.0
1,1,1.0
1,1,1.0
1,1,1.0
1,1,1.0
1,1,1.0
0,0,0.0
1,1,1.0
1,1,1.0
1,1,1.0
1,1,1.0
1,1,1.0
0,0,0.0
0,0,0.0
0,0,0.0
1,1,1.0
1,1,1.0
1,1,1.0
1,1,1.0
1,1,1.0
1,1,1.0
1,1,1.0
1,1,1.0
1,1,1.0
1,1,1.0
0,0,0.0
1,1,1.0
1,1,1.0
1,1,1.0
0,0,0.0
1,1,1.0
0,0,0.0
1,1,1.0
0,0,0.0
1,1,1.0
1,1,1.0
1,1,1.0
0,0,0.0
0,0,0.0
1,1,1.0
0,0,0.0
1,1,1.0
1,1,1.0
0,0,0.0
1,1,1.0
1,1,1.0
0,0,0.0
0,0,0.0
1,1,1.0
1,1,1.0
0,0,0.0
0,0,0.0
0,0,0.0
0,0,0.0
1,1,1.0
0,0,0.0013308380120607194
1,1,1.0
0,0,0.0
1,1,1.0
0,0,0.0
1,1,1.0
0,0,0.0
1,1,1.0
1,1,1.0
1,1,1.0
0,0,0.0
1,1,1.0
1,1,1.0
0,0,0.0
0,0,0.0
1,1,1.0
0,0,0.0
1,1,1.0
0,0,0.0
0,0,0.0
1,1,1.0
0,0,0.0
1,1,1.0
0,0,0.0
1,1,1.0
0,0,0.0
1,1,1.0
1,1,1.0
1,1,1.0
1,1,1.0
1,1,1.0
1,1,1.0
0,0,0.0
0,0,0.0
0,0,0.0
0,0,0.0
1,1,1.0
0,0,0.0
1,1,1.0
1,1,1.0
0,0,0.0
0,0,0.0
0,0,0.0
0,0,0.0
0,0,0.0
1,1,1.0
1,1,1.0
1,1,1.0
1,1,1.0
1,1,1.0
1,1,1.0
1,1,1.0
1,1,1.0
1,1,1.0
0,0,0.0
0,0,0.0
1,1,1.0
0,0,0.0
1,1,1.0
1,1,1.0
1,1,1.0
1,1,1.0
0,0,0.0
0,0,0.0
1,1,1.0
0,0,0.0
1,1,1.0
1,1,1.0
0,0,0.0
1,1,1.0
1,1,1.0
1,1,1.0
1,1,1.0
0,0,0.0
0,0,0.0
1,1,1.0
0,0,0.0
1,1,1.0
0,0,0.0
0,0,0.0
0,0,0.0
0,0,0.0
1,1,1.0
1,1,1.0
1,1,1.0
1,1,1.0
0,0,0.0
1,1,1.0
1,1,1.0
1,1,1.0
0,0,0.0
0,0,0.0
1,1,1.0
1,1,1.0
0,0,0.0
0,0,0.0
0,0,0.0
1,1,1.0
0,0,0.0
0,0,0.0
0,0,0.0
0,0,0.0
0,0,0.0
1,1,1.0
0,0,0.0
1,1,1.0
1,1,1.0
1,1,1.0
0,0,0.0
1,1,1.0
0,0,0.0
1,1,1.0
0,0,0.0
1,1,1.0
1,1,1.0
0,0,0.0
1,1,1.0
1,1,1.0
1,1,1.0
1,1,1.0
1,1,1.0
0,0,0.0
0,0,0.0
0,0,0.0
0,0,0.0
1,1,1.0
0,0,0.0
0,0,0.0
1,1,1.0
0,0,0.0
1,1,1.0
1,1,1.0
0,0,0.0
1,1,1.0
1,1,1.0
1,1,1.0
0,0,0.0
1,1,1.0
0,0,0.0
0,0,0.0
0,0,0.0
1,1,1.0
1,1,1.0
1,1,1.0
1,1,1.0
0,0,0.0
1,1,1.0
1,1,1.0
1,1,1.0
1,1,1.0
1,1,1.0
1,1,1.0
0,0,0.0
0,0,0.0
1,1,1.0
0,0,0.0
1,1,1.0
1,1,1.0
0,0,0.0
1,1,1.0
1,1,1.0
0,0,0.0
0,0,0.0
1,1,1.0
1,1,1.0
0,0,0.0
1,1,1.0
1,1,1.0
1,1,1.0
0,0,0.0
1,1,1.0
1,1,1.0
0,0,0.0
1,1,0.9998752339363693
0,0,0.0
0,0,0.0
0,0,0.0
0,0,0.0
0,0,0.0
0,0,0.0
1,1,1.0
1,1,1.0
0,0,0.0
0,0,0.0
1,1,1.0
1,1,1.0
1,1,1.0
0,0,0.0
0,0,0.0
0,0,0.0
0,0,0.0
1,1,1.0
0,0,0.0
1,1,1.0
1,1,1.0
0,0,0.0
1,1,1.0
1,1,1.0
1,1,1.0
1,1,1.0
0,0,0.0
0,0,0.0
1,1,1.0
1,1,1.0
1,1,1.0
0,0,0.0
0,0,0.0
0,0,0.0
1,1,1.0
0,0,0.0
1,1,1.0
1,1,1.0
0,0,0.0
1,1,1.0
0,0,0.0
0,0,0.0
1,1,1.0
1,1,0.9997920565606155
1,1,1.0
1,1,0.9997920565606155
0,0,0.0
1,1,1.0
1,1,0.9998752339363693
0,0,0.0
1,1,1.0
1,1,1.0
1,1,1.0
1,1,1.0
1,1,1.0
1,1,1.0
0,0,0.0
1,1,1.0
0,0,0.0
1,1,1.0
0,0,0.0
0,0,0.0
0,0,0.0
1,1,1.0
1,1,1.0
1,1,1.0
0,0,0.0
1,1,1.0
0,0,0.0
1,1,1.0
1,1,1.0
1,1,1.0
1,1,1.0
1,1,1.0
1,1,1.0
1,1,1.0
1,1,1.0
1,1,1.0
0,0,0.0
1,1,1.0
1,1,1.0
1,1,1.0
1,1,1.0
1,1,1.0
0,0,0.0
1,1,1.0
0,0,0.0
1,1,1.0
0,0,0.0
1,1,1.0
0,0,0.0
1,1,1.0
1,1,1.0
0,0,0.0
1,1,1.0
1,1,1.0
0,0,0.0
1,1,1.0
1,1,1.0
1,1,1.0
1,1,1.0
1,1,1.0
0,0,0.0
1,1,1.0
1,1,1.0
0,0,0.0
1,1,1.0
0,0,0.0
1,1,1.0
0,0,0.0
1,1,1.0
0,0,0.0
1,1,1.0
0,0,0.0
1,1,1.0
0,0,0.0
1,1,1.0
0,0,0.0
0,0,0.0
1,1,1.0
1,1,1.0
1,1,1.0
0,0,0.0
0,0,0.0
1,1,1.0
0,0,0.0
1,1,1.0
1,1,1.0
1,1,0.9998752339363693
1,1,1.0
0,0,0.0
1,1,1.0
1,1,1.0
0,0,0.0
1,1,1.0
0,0,0.0
1,1,1.0
1,1,1.0
0,0,0.0
0,0,0.0
0,0,0.0
0,0,0.0
1,1,1.0
1,1,1.0
0,0,0.0
0,0,0.0
0,0,0.0
0,0,0.0
0,0,0.0
1,1,1.0
1,1,1.0
1,1,1.0
0,0,0.0
0,0,0.0
0,0,0.0
0,0,0.0
1,1,1.0
0,0,0.0
1,1,1.0
1,1,1.0
1,1,1.0
0,0,0.0
0,0,0.0
0,0,0.0
0,0,0.0
1,1,1.0
0,0,0.0
0,0,0.0
1,1,1.0
1,1,1.0
1,1,1.0
1,1,1.0
1,1,1.0
0,0,0.0
1,1,1.0
1,1,1.0
1,1,1.0
1,1,1.0
0,0,0.0
0,0,0.0
1,1,1.0
0,0,0.0
0,0,0.0
1,1,1.0
1,1,1.0
1,1,1.0
0,0,0.0
1,1,1.0
1,1,1.0
1,1,1.0
1,1,1.0
1,1,1.0
1,1,1.0
1,1,1.0
1,1,1.0
1,1,1.0
0,0,0.0
1,1,1.0
1,1,1.0
1,1,1.0
0,0,0.0
0,0,0.0
1,1,1.0
1,1,0.9998752339363693
1,1,1.0
0,0,0.0
1,1,1.0
1,1,1.0
0,0,0.0
0,0,0.0
1,1,1.0
0,0,0.0
0,0,0.0
1,1,1.0
1,1,0.9998752339363693
1,1,1.0
1,1,1.0
1,1,1.0
1,1,1.0
1,1,1.0
1,1,1.0
1,1,1.0
0,0,0.0
0,0,0.0
1,1,1.0
1,1,1.0
1,1,1.0
0,0,0.0
1,1,1.0
1,1,1.0
0,0,0.0
1,1,1.0
0,0,0.0
0,0,0.0
0,0,0.0
1,1,1.0
0,0,0.0
0,0,0.0
0,0,0.0
0,0,0.0
1,1,1.0
1,1,1.0
1,1,1.0
0,0,0.0
1,1,1.0
0,0,0.0
0,0,0.0
1,1,1.0
0,0,0.0
1,1,1.0
0,0,0.0
1,1,1.0
0,0,0.0
1,1,1.0
1,1,1.0
0,0,0.0
1,1,1.0
1,1,1.0
0,0,0.0
0,0,0.0
0,0,0.0
0,0,0.0
1,1,1.0
1,1,1.0
1,1,1.0
1,1,1.0
0,0,0.0
1,1,1.0
0,0,0.0
1,1,0.9998752339363693
1,1,0.9997920565606155
1,1,1.0
0,0,0.0
1,1,1.0
1,1,0.9998752339363693
1,1,1.0
1,1,1.0
1,1,1.0
0,0,0.0
1,1,1.0
0,0,0.0
1,1,1.0
1,1,1.0
1,1,1.0
0,0,0.0
1,1,1.0
0,0,0.0
1,1,1.0
0,0,0.0
0,0,0.0
1,1,1.0
1,1,1.0
1,1,1.0
1,1,1.0
0,0,0.0
1,1,0.9998752339363693
0,0,0.0
0,0,0.0
1,1,1.0
1,1,1.0
1,1,1.0
0,0,0.0
1,1,1.0
0,0,0.0
1,1,1.0
0,0,0.0
1,1,1.0
1,1,1.0
0,0,0.0
1,1,1.0
1,1,1.0
1,1,1.0
1,1,1.0
1,1,1.0
1,1,1.0
1,1,1.0
0,0,0.0
0,0,0.0
1,1,1.0
0,0,0.0
0,0,0.0
0,0,0.0
0,0,0.0
0,0,0.0
1,1,1.0
1,1,0.9997920565606155
0,0,0.0
1,1,1.0
0,0,0.0
0,0,0.0
0,0,0.0
0,0,0.0
0,0,0.0
1,1,1.0
0,0,0.0
1,1,1.0
1,1,1.0
1,1,1.0
0,0,0.0
0,0,0.0
0,0,0.0
0,0,0.0
0,0,0.0
0,0,0.0
0,0,0.0
0,0,0.0
1,1,1.0
0,0,0.0
0,0,0.0
1,1,1.0
1,1,1.0
0,0,0.0
1,1,1.0
0,0,0.0
1,1,1.0
1,1,1.0
0,0,0.0
0,0,0.0
0,0,0.0
0,0,0.0
1,1,1.0
1,1,0.9998752339363693
1,1,1.0
1,1,1.0
1,1,1.0
1,1,1.0
0,0,0.0
1,1,1.0
0,0,0.0
0,0,0.0
0,0,0.0
1,1,1.0
1,1,1.0
1,1,1.0
1,1,1.0
1,1,1.0
1,1,1.0
0,0,0.0
1,1,1.0
1,1,1.0
1,1,1.0
0,0,0.0
1,1,1.0
0,0,0.0
1,1,1.0
0,0,0.0
0,0,0.0
1,1,1.0
0,0,0.0
1,1,1.0
0,0,0.0
1,1,1.0
1,1,1.0
0,0,0.0
0,0,0.0
0,0,0.0
1,1,1.0
1,1,1.0
1,1,1.0
1,1,0.9998752339363693
1,1,1.0
1,1,1.0
1,1,1.0
1,1,1.0
0,0,0.0
0,0,0.0
0,0,0.0
1,1,1.0
1,1,1.0
0,0,0.0
1,1,1.0
1,1,1.0
1,1,1.0
0,0,0.0
1,1,1.0
1,1,1.0
0,0,0.0
0,0,0.0
0,0,0.0
0,0,0.0013308380120607194
1,1,1.0
0,0,0.0
1,1,1.0
1,1,1.0
1,1,1.0
1,1,0.9998752339363693
1,1,1.0
0,0,0.0
0,0,0.0
1,1,1.0
1,1,1.0
1,1,1.0
1,1,1.0
0,0,0.0
1,1,1.0
0,0,0.0
1,1,1.0
1,1,1.0
1,1,1.0
0,0,0.0
1,1,1.0
0,0,0.0
1,1,1.0
1,1,1.0
1,1,1.0
1,1,1.0
1,1,1.0
1,1,1.0
1,1,1.0
1,1,1.0
0,0,0.0
1,1,1.0
0,0,0.0
1,1,1.0
0,0,0.0
1,1,1.0
1,1,1.0
1,1,1.0
1,1,1.0
1,1,1.0
0,0,0.0
1,1,1.0
1,1,1.0
1,1,1.0
0,0,0.0
1,1,1.0
0,0,0.0
1,1,1.0
1,1,1.0
0,0,0.0
0,0,0.0
1,1,1.0
1,1,1.0
1,1,1.0
1,1,1.0
1,1,1.0
1,1,1.0
0,0,0.0
0,0,0.0
0,0,0.0
1,1,1.0
1,1,1.0
0,0,0.0
0,0,0.0
0,0,0.0
1,1,0.9998752339363693
0,0,0.0
1,1,1.0
1,1,1.0
0,0,0.0
0,0,0.0
1,1,1.0
1,1,1.0
1,1,1.0
0,0,0.0
1,1,1.0
1,1,1.0
1,1,1.0
0,0,0.0
1,1,1.0
1,1,1.0
0,0,0.0
1,1,1.0
1,1,1.0
1,1,1.0
0,0,0.0
1,1,1.0
1,1,1.0
0,0,0.0
1,1,1.0
1,1,1.0
1,1,1.0
1,1,1.0
1,1,1.0
0,0,0.0
1,1,1.0
0,0,0.0
0,0,0.0
1,1,1.0
1,1,1.0
1,1,1.0
1,1,1.0
0,0,0.0
1,1,1.0
0,0,0.0
0,0,0.0
0,0,0.0
1,1,1.0
1,1,1.0
0,0,0.0
0,0,0.0
1,1,1.0
1,1,1.0
0,0,0.0
0,0,0.0
1,1,1.0
0,0,0.0
1,1,1.0
0,0,0.0
1,1,1.0
0,0,0.0
0,0,0.0
1,1,1.0
0,0,0.0
0,0,0.0
1,1,1.0
1,1,1.0
0,0,0.0
1,1,1.0
1,1,1.0
0,0,0.0
1,1,0.9998752339363693
0,0,0.0
1,1,1.0
1,1,1.0
0,0,0.0
1,1,1.0
1,1,1.0
1,1,1.0
0,0,0.0
0,0,0.0
0,0,0.0
0,0,0.0
0,0,0.0
1,1,1.0
1,1,1.0
0,0,0.0
0,0,0.0
1,1,1.0
0,0,0.0
0,0,0.0
0,0,0.0
1,1,1.0
0,0,0.0
0,0,0.0
0,0,0.0013308380120607194
1,1,1.0
1,1,1.0
1,1,1.0
1,1,1.0
0,0,0.0
0,0,0.0
0,0,0.0
1,1,1.0
0,0,0.0
1,1,1.0
1,1,1.0
1,1,1.0
0,0,0.0
1,1,1.0
0,0,0.0
1,1,1.0
1,1,1.0
0,0,0.0
1,1,1.0
0,0,0.0
1,1,1.0
1,1,1.0
1,1,1.0
1,1,1.0
1,1,1.0
0,0,0.0
1,1,1.0
1,1,1.0
1,1,1.0
1,1,1.0
1,1,1.0
0,0,0.0
0,0,0.0
1,1,0.9998752339363693
1,1,1.0
0,0,0.0
0,0,0.0
0,0,0.0
1,1,1.0
1,1,1.0
1,1,1.0
1,1,1.0
1,1,1.0
1,1,1.0
0,0,0.0
1,1,1.0
1,1,1.0
0,0,0.0
0,0,0.0
0,0,0.0
1,1,1.0
1,1,1.0
1,1,1.0
1,1,1.0
0,0,0.0
1,1,1.0
0,0,0.0
0,0,0.0
0,0,0.0
0,0,0.0
0,0,0.0
1,1,1.0
1,1,1.0
1,1,1.0
0,0,0.0
1,1,1.0
1,1,1.0
1,1,1.0
0,0,0.0
1,1,1.0
1,1,1.0
1,1,1.0
0,0,0.0
1,1,1.0
0,0,0.0
1,1,1.0
1,1,1.0
1,1,1.0
1,1,1.0
1,1,1.0
1,1,1.0
1,1,1.0
1,1,1.0
0,0,0.0
1,1,1.0
1,1,1.0
1,1,1.0
0,0,0.0
1,1,1.0
1,1,1.0
0,0,0.0
0,0,0.0
0,0,0.0
1,1,1.0
0,0,0.0
1,1,1.0
1,1,1.0
0,0,0.0
0,0,0.0
1,1,1.0
0,0,0.0
1,1,1.0
1,1,1.0
1,1,1.0
0,0,0.0
0,0,0.0
0,0,0.0
1,1,1.0
1,1,1.0
1,1,1.0
1,1,1.0
1,1,1.0
0,0,0.0
1,1,1.0
0,0,0.0
1,1,1.0
0,0,0.0
1,1,1.0
0,0,0.0
1,1,1.0
1,1,0.9998752339363693
1,1,1.0
0,0,0.0
0,0,0.0
1,1,1.0
0,0,0.0
0,0,0.0
1,1,1.0
1,1,1.0
0,0,0.0
1,1,1.0
1,1,1.0
1,1,1.0
1,1,1.0
0,0,0.0
0,0,0.0
1,1,1.0
0,0,0.0
0,0,0.0
0,0,0.0
0,0,0.0
0,0,0.0
1,1,1.0
0,0,0.0
1,1,1.0
1,1,1.0
1,1,1.0
1,1,1.0
0,0,0.0
0,0,0.0
1,1,1.0
0,0,0.0
1,1,1.0
1,1,1.0
1,1,0.9998752339363693
0,0,0.0
0,0,0.0
0,0,0.0
0,0,0.0
1,1,1.0
0,0,0.0
0,0,0.0
0,0,0.0
1,1,1.0
0,0,0.0
0,0,0.0
0,0,0.0
0,0,0.0
0,0,0.0
1,1,1.0
1,1,1.0
1,1,1.0
0,0,0.0
0,0,0.0
0,0,0.0
0,0,0.0
0,0,0.0
1,1,1.0
1,1,1.0
1,1,1.0
1,1,1.0
1,1,1.0
1,1,1.0
1,1,1.0
1,1,1.0
1,1,1.0
1,1,1.0
1,1,1.0
0,0,0.0
1,1,1.0
0,0,0.0
0,0,0.0
1,1,1.0
1,1,1.0
1,1,1.0
1,1,1.0
1,1,1.0
0,0,0.0
1,1,1.0
1,1,1.0
1,1,1.0
1,1,1.0
1,1,1.0
1,1,1.0
0,0,0.0
0,0,0.0
1,1,1.0
0,0,0.0
1,1,1.0
0,0,0.0
1,1,1.0
1,1,1.0
0,0,0.0
1,1,1.0
1,1,1.0
1,1,1.0
0,0,0.0
0,0,0.0
0,0,0.0
1,1,1.0
0,0,0.0
0,0,0.0
1,1,1.0
1,1,1.0
1,1,1.0
1,1,1.0
1,1,1.0
1,1,1.0
1,1,1.0
1,1,1.0
1,1,1.0
1,1,1.0
0,0,0.0
0,0,0.0
0,0,0.0
0,0,0.0
1,1,1.0
0,0,0.0
1,1,1.0
1,1,1.0
0,0,0.0
1,1,1.0
1,1,1.0
1,1,1.0
1,1,1.0
1,1,1.0
1,1,1.0
1,1,1.0
1,1,1.0
1,1,1.0
1,1,1.0
0,0,0.0
1,1,1.0
0,0,0.0
0,0,0.0
1,1,1.0
1,1,1.0
1,1,1.0
1,1,1.0
1,1,1.0
1,1,1.0
1,1,1.0
1,1,1.0
0,0,0.0
0,0,0.0
0,0,0.0
1,1,0.9998752339363693
1,1,1.0
1,1,1.0
0,0,0.0
1,1,1.0
1,1,1.0
1,1,1.0
1,1,1.0
0,0,0.0
1,1,1.0
0,0,0.0
1,1,1.0
1,1,1.0
1,1,1.0
1,1,1.0
1,1,1.0
0,0,0.0
0,0,0.0
0,0,0.0
0,0,0.0
0,0,0.0
0,0,0.0
0,0,0.0
0,0,0.0
1,1,1.0
0,0,0.0
0,0,0.0
1,1,1.0
1,1,1.0
1,1,1.0
1,1,1.0
0,0,0.0
1,1,1.0
1,1,1.0
0,0,0.0
1,1,1.0
0,0,0.0
1,1,1.0
1,1,1.0
1,1,1.0
1,1,1.0
1,1,1.0
0,0,0.0
1,1,1.0
0,0,0.0
1,1,1.0
0,0,0.0
0,0,0.0
1,1,1.0
1,1,1.0
1,1,1.0
1,1,1.0
0,0,0.0
1,1,1.0
1,1,1.0
0,0,0.0
1,1,1.0
1,1,1.0
1,1,1.0
1,1,1.0
1,1,1.0
0,0,0.0
0,0,0.0
1,1,1.0
0,0,0.0
1,1,1.0
0,0,0.0
1,1,0.9998752339363693
1,1,1.0
1,1,1.0
1,1,1.0
0,0,0.0
1,1,1.0
1,1,1.0
0,0,0.0
0,0,0.0
1,1,1.0
0,0,0.0
1,1,1.0
0,0,0.0
1,1,1.0
1,1,1.0
0,0,0.0
1,1,1.0
1,1,1.0
0,0,0.0
1,1,1.0
1,1,1.0
0,0,0.0
1,1,1.0
0,0,0.0
1,1,1.0
1,1,1.0
1,1,1.0
1,1,1.0
0,0,0.0
0,0,0.0
1,1,1.0
1,1,1.0
1,1,1.0
0,0,0.0
1,1,1.0
1,1,1.0
1,1,1.0
1,1,1.0
1,1,1.0
1,1,0.9998752339363693
0,0,0.0
1,1,1.0
1,1,1.0
1,1,1.0
1,1,1.0
1,1,1.0
1,1,0.9998752339363693
1,1,1.0
0,0,0.0
1,1,1.0
0,0,0.0
1,1,1.0
1,1,1.0
0,0,0.0
1,1,1.0
0,0,0.0
1,1,1.0
1,1,1.0
0,0,0.0
0,0,0.0
1,1,1.0
1,1,1.0
1,1,1.0
0,0,0.0
0,0,0.0
0,0,0.0
0,0,0.0
0,0,0.0
0,0,0.0
0,0,0.0
0,0,0.0
0,0,0.0
0,0,0.0
1,1,1.0
1,1,1.0
0,0,0.0
1,1,1.0
1,1,1.0
1,1,1.0
1,1,1.0
1,1,1.0
0,0,0.0
1,1,1.0
0,0,0.0
1,1,1.0
1,1,1.0
0,0,0.0
1,1,1.0
0,0,0.0
1,1,1.0
1,1,1.0
1,1,1.0
0,0,0.0
1,1,1.0
1,1,1.0
1,1,1.0
0,0,0.0
1,1,1.0
1,1,1.0
1,1,1.0
0,0,0.0
1,1,1.0
1,1,1.0
0,0,0.0
1,1,1.0
1,1,1.0
0,0,0.0
1,1,1.0
0,0,0.0
1,1,1.0
1,1,1.0
0,0,0.0
1,1,1.0
1,1,1.0
1,1,1.0
1,1,1.0
1,1,1.0
0,0,0.0
1,1,1.0
0,0,0.0
1,1,1.0
1,1,1.0
1,1,1.0
1,1,1.0
1,1,1.0
1,1,1.0
0,0,0.0
1,1,1.0
1,1,1.0
1,1,1.0
1,1,1.0
1,1,1.0
0,0,0.0
1,1,1.0
1,1,1.0
1,1,1.0
1,1,1.0
0,0,0.0
0,0,0.0
0,0,0.0
0,0,0.0
0,0,0.0
1,1,1.0
1,1,1.0
0,0,0.0
0,0,0.0
1,1,1.0
0,0,0.0
1,1,1.0
1,1,1.0
1,1,1.0
1,1,1.0
0,0,0.0
0,0,0.0
1,1,1.0
1,1,1.0
0,0,0.0
0,0,0.0
1,1,1.0
1,1,1.0
0,0,0.0
1,1,1.0
1,1,1.0
0,0,0.0
1,1,1.0
0,0,0.0
1,1,1.0
1,1,1.0
0,0,0.0
0,0,0.0
0,0,0.0
0,0,0.0
1,1,0.9997920565606155
1,1,0.9998752339363693
0,0,0.0
1,1,1.0
1,1,1.0
0,0,0.0
1,1,1.0
1,1,1.0
1,1,1.0
1,1,1.0
0,0,0.0
0,0,0.0
1,1,1.0
1,1,1.0
1,1,0.9998752339363693
1,1,1.0
1,1,1.0
1,1,1.0
1,1,1.0
0,0,0.0
1,1,1.0
1,1,1.0
0,0,0.0
1,1,1.0
0,0,0.0
1,1,1.0
1,1,1.0
